student_id,first_name,first_name_yomi,last_name,last_name_yomi,school_name,school_year,status
,長谷川,はせがわ,紫音,しおん,青陵高校,2,active
,生田目,なまため,光輝,ひかる,明治学院高校,2,active
,木元,きもと,かりん,かりん,田園調布高校,2,active
,谷内,たにうち,里帆,りほ,頌栄女子学院中学校,3,active
,杉田,すぎた,竣,しゅん,,2,active
,白神,しらが,希美,のぞみ,区立馬込中学校,2,active
,坪,つぼ,泰生,たいせい,,2,active
,原田,はらだ,真沙斗,まさと,,2,active
,長井,ながい,奏真,そうま,区立馬込中学校,2,active
,古瀬,ふるせ,陽菜乃,ひなの,,3,active
,,,,,,,
,,,,,,,
,,,,,,,
,,,,,,,
,,,,,,,
,,,,,,,
,,,,,,,
,,,,,,,
,,,,,,,
,,,,,,,
,,,,,,,
,,,,,,,
,,,,,,,
,,,,,,,
,,,,,,,
,,,,,,,
,,,,,,,
,,,,,,,
,,,,,,,
,,,,,,,
,,,,,,,
,,,,,,,
,,,,,,,
,,,,,,,
,,,,,,,
,,,,,,,
,,,,,,,
,,,,,,,
,,,,,,,
,,,,,,,
,,,,,,,
,,,,,,,
,,,,,,,
,,,,,,,
,,,,,,,
,,,,,,,
,,,,,,,
,,,,,,,
,,,,,,,
,,,,,,,
,,,,,,,
,,,,,,,
,,,,,,,
,,,,,,,
,,,,,,,
,,,,,,,
,,,,,,,
,,,,,,,
,,,,,,,
,,,,,,,
,,,,,,,
,,,,,,,
,,,,,,,
,,,,,,,
,,,,,,,
,,,,,,,
,,,,,,,
,,,,,,,
,,,,,,,
,,,,,,,
,,,,,,,
,,,,,,,
,,,,,,,
,,,,,,,
,,,,,,,
,,,,,,,
,,,,,,,
,,,,,,,
,,,,,,,
,,,,,,,
,,,,,,,
,,,,,,,
,,,,,,,
,,,,,,,
,,,,,,,
,,,,,,,
,,,,,,,
,,,,,,,
,,,,,,,
,,,,,,,
,,,,,,,
,,,,,,,
,,,,,,,
,,,,,,,
,,,,,,,
,,,,,,,
,,,,,,,
,,,,,,,
,,,,,,,
,,,,,,,
